nome,indirizzo,citta,nazione,lat,lng
CLEANING LIMPENS MAASTRICHT,"Galjoenweg 74, 6222 NV Maastricht, Paesi Bassi",Maastricht,Paesi Bassi,50.8765691,5.7062106
GRUNOVAL S.L 39590 REOCIN,"Bo. Valles, 43, 39590 Reocín, Cantabria, Spagna",Reocín,Spagna,43.3543243,-4.1120742
WTW WARMERVILLE TANK WASHING,"9 Rue Pierre Mangeart, 51110 Isles-sur-Suippe, Francia",Isles-sur-Suippe,Francia,49.3490008,4.202297
"2500 Saint-Martin-lez-Tatinghem, Francia","240 Route de Boulogne (Ancien. RN42), 62500 Saint-Martin-lez-Tatinghem, Francia",Saint-Martin-lez-Tatinghem,Francia,50.7401483,2.1990315
Acqua Per Risciaquo,"DK92 101, Polonia",DK92 101,Polonia,52.3427676,15.7509445
"ACQUA PER RISCIACQUO 26800 Portes-lès-Valence, Francia","445 Rue Jean Mermoz, 26800 Portes-lès-Valence, Francia",Portes-lès-Valence,Francia,44.8837761,4.8707566
Acqua per risciacquo Marghera,"Strada Statale 309 Romea, 30176 Venezia VE, Italia",Venezia,Italia,45.444560781743,12.204502458568
Acqua per risciacquo ORTE,"E35, 01028 Orte VT, Italia",Orte,Italia,42.45189129797,12.4045525751
Acqua per Risciaquo,"Via Paul-Henri Spaak, 1, 15067 Novi Ligure AL, Italia",Novi Ligure,Italia,44.767502,8.7685538
ACQUA RISCIACQUO VILLAFALLETTO,"SP25, 12020 Villafalletto CN, Italia",Villafalletto,Italia,44.555362175728,7.5420681933692
ADAMI TRASPORTI E LAVAGGIO VERONA,"Strada Bresciana, 54, 37139 Verona VR, Italia",Verona,Italia,45.4459639,10.9113505
Albert Keijzer Zaandam,"Albert Keijzerstraat 1-4, 1508 EZ Zaandam, Paesi Bassi",Zaandam,Paesi Bassi,52.4627865,4.8162179
ANELLI GLOBAL MILK,"SS45bis, 34, 25020 Poncarale BS, Italia",Poncarale,Italia,45.44884,10.196649
Anhalt Spedition,"Tannenweg 1, 25776 Rehm-Flehde-Bargen, Germania",Rehm-Flehde-Bargen,Germania,54.2825441,9.0472831
Anhalt Duisburg,"Boschstraße 11, 47167 Duisburg, Germania",Duisburg,Germania,51.4909352,6.7974285
ASRO CLEAN EFTCO,"Textilstraße 4, 4700 Eupen, Belgio",Eupen,Belgio,50.6443931,6.0198325
ATC PROFESSIONAL SERVICE,"Alsónémedi, GLS Európa u. 2, 2351 Ungheria",GLS Európa u. 2,,47.347752404915,19.163117123607
Autoservice 24 - Castelnuovo Scrivia,"Viale Europa, 25, 15053 Castelnuovo Scrivia AL, Italia",Castelnuovo Scrivia,Italia,44.9802275,8.9014794
Autosolid Lavaggio Belsk,"Odrzywołek 24A, 05-622, Polonia",05-622,Polonia,51.8432198,20.8325662
Beauty Truck S.Croce sull Arno,"SP66, 56029 Santa Croce sull'Arno PI, Italia",Santa Croce sull'Arno,Italia,43.7281848,10.7579214
Berango Logísticos,"Arañaburu Kalea, 5, 20180, Gipuzkoa, Spagna",Gipuzkoa,Spagna,43.3200545,-1.8541348
Bevernaegie Transport,"Oostlaan, 8850 Ardooie, Belgio",Ardooie,Belgio,50.9730501,3.2004433
Bonifica Cisterne - Piacenza,"Str. Borgoforte, 29, 29122 Piacenza PC, Italia",Piacenza,Italia,45.0579595,9.7349211
Carapellese Trasporti Barletta,"Via Andria, 76121 Barletta BT, Italia",Barletta,Italia,41.274059170505,16.291260045383
Celsius Tank Cleaning,"Marie Curieweg 9, 4389 WB Ritthem, Paesi Bassi",Ritthem,Paesi Bassi,51.4591228,3.6075274
CENTRO LOGISTICO LAVACAM (TRAVESA),"Calle la Mota, 2, 13610 Campo de Criptana, Cdad. Real, Spagna",Campo de Criptana,Spagna,39.3980568,-3.1179455
CISTERNAS MARIA,"Plaza Industrial, 14A, 23620 Mengíbar, Jaén, Spagna",Mengíbar,Spagna,37.9824746,-3.7975883
CLAESSEN VENLO,"Trade Port West, Columbusweg 25, 5928 Venlo, Paesi Bassi",Venlo,Paesi Bassi,51.3946466,6.1051326
CLEAN 33 BASSENS,"17-29 Rue du Port, 33530 Bassens, Francia",Bassens,Francia,44.9054208,-0.5252518
CLEAN 71,"4 Rue Sadi Carnot et L J Thénard, 71530 Champforgeuil, Francia",Champforgeuil,Francia,46.8170306,4.8444716
Clean Car di Mancin ( Acqua per Risciacquo),"SR516, 10, 45011 Adria RO, Italia",Adria,Italia,45.0776097,12.0584178
Cotac Belgium Anversa,"Transcontinentaalweg 12, 2030 Antwerpen, Belgio",Antwerpen,Belgio,51.2745529,4.3874819
Cotac Dormagen,"K18, 41540 Dormagen, Germany",Dormagen,Germania,51.0857903,6.8150075
Cotac Hamburg,"Wendenstraße 430, 20537 Hamburg, Germania",Hamburg,Germania,53.549933564652,10.050003968129
Cotac Mannheim,"Holländerstraße 5, 68219 Mannheim, Germania",Mannheim,Germania,49.4220124,8.5076745
"CURT RICHTER 84561 Mehring,","Haydnstraße, 84561 Mehring, Germania",Mehring,Germania,48.193374,12.7796651
Dekker Ouderkerk,"IJsseldijk West 64, 2935 Ouderkerk aan den IJssel, Paesi Bassi",Ouderkerk aan den IJssel,Paesi Bassi,51.9316451,4.6215564
Delisle Lavage,"3 Parc D’Activités - Guilberville, 50160 Torigny-les-Villes, Francia",Torigny-les-Villes,Francia,48.984579482956,-0.94891686140391
Delisle Lavage,"92 Le Carreau, 51230 Connantre, Francia",Connantre,Francia,48.731577854595,3.9120268529173
Delisle Lavage Rosieres aux Salines,"Chem. des Sables, 54110 Dombasle-sur-Meurthe, Francia",Dombasle-sur-Meurthe,Francia,48.60099754066,6.3615328524175
DISTRIBUTORE PER CANNA ACQUA FREYBURG,"Merseburger Str. 1, 06632 Freyburg (Unstrut), Germania",Freyburg (Unstrut),Germania,51.2205638,11.7728376
Eco Lavaggio Anzio,"Strada Regionale 207, 00048 Nettuno LT, Italia",Nettuno,Italia,41.5179309,12.6292706
Ecotrailer Lavadero,"Travesia España, 50, 47430 Pedrajas de San Esteban, Valladolid, Spagna",Pedrajas de San Esteban,Spagna,41.3504083,-4.5599164
EIKELENBOOM AMSTERDAM,"Oceanenweg 13A, 1047 BA Amsterdam, Paesi Bassi",Amsterdam,Paesi Bassi,52.4107433,4.7661935
Em Car Service Busca,"Via Maira, 12022 Busca CN, Italia",Busca,Italia,44.5110272,7.4862772
ERPC Road Euro Professional Cleaning Courcelles,"Rue de Hainaut 8, 6180 Courcelles, Belgio",Courcelles,Belgio,50.4800265,4.3532354
Espace Poids Lourds ORANGE,"Ancienne Route d'Orange, 84100 Orange, Francia",Orange,Francia,44.1112531,4.8494016
Euro Truck Wash Sittensen,"Hansestraße 10A, 27419 Sittensen, Germania",Sittensen,Germania,53.294086,9.5057398
EURO WASH MARGHERA,"Strada Regionale 11 Padana Superiore, 30176 Venezia VE, Italia",Venezia,Italia,45.4567371,12.2180774
EVEREST LAVAGGIO TYCHY,"Fabryczna 11, 43-100 Tychy, Polonia",43-100 Tychy,Polonia,50.102769,19.0176827
Expert Lavaggi Govone,"Italia, 12040 Govone CN, Zona Industriale",Govone,,44.783441,8.097243
FI-NE Teramostr. 10 87700 Memmingen Germany,"Teramostraße 10, 87700 Memmingen, Germania",Memmingen,Germania,48.0048078,10.1611953
Fi-ne Cleaning Rothis,"Interpark Focus 16, 6832 Röthis, Austria",Röthis,Austria,47.3067611,9.617961
Flaminia Trasporti Spoleto,"Via Giovanni Marcora, 39, 06049 Madonna di Lugo PG, Italia",Madonna di Lugo,Italia,42.7648178,12.7503991
Garajes Dacosta Pontevedra - No Eftco,"Lugar a Rocha, 85, 36418 Atios, Pontevedra, Spagna",Atios,Spagna,42.145133582784,-8.6215730523107
Giezendanner AG Juraweg 26 4852 Rothrist,"Juraweg, 4852 Rothrist, Svizzera",Rothrist,Svizzera,47.3083938,7.878771
GRAFE Hirschfelder Straße 14a 04932 Großthiemig,"L59, 04932 Großthiemig, Germania",Großthiemig,Germania,51.3850553,13.6663933
Greenline 39326 Hohenwarsleben,"Hannoversche Str. 1, 39326 Hohe Börde, Germania",Hohe Börde,Germania,52.1750328,11.4919103
GRIFO LAVAGGI PERUGIA,"Via della Segale, 06135 Perugia, Italia",Perugia,Italia,43.0753206,12.4159869
GTR Langenhagen,"Gleiwitzer Str. 4-8, 30855 Langenhagen, Germania",Langenhagen,Germania,52.432175853442,9.6828817048349
HAMMELMANN ENNIGERLOH,"Am Flachswerk 1, 59320 Ennigerloh, Germania",Ennigerloh,Germania,51.8528835,8.0279205
Hans Jensen Transport A/S,"Klostermarken 1, 9550 Mariager, Danimarca",Mariager,Danimarca,56.6352663,9.9755578
HDK KROKER STUHR,"Im Meer 6, 28816 Stuhr, Germania",Stuhr,Germania,53.00713,8.7023885
HTC Herenthout,"Moerbroek 27-15, 2270 Herenthout, Belgio",Herenthout,Belgio,51.1562431,4.7953465
HUMMER LAVAGGIO,"<span onmouseover=""this.innerHTML = &quot;Gewerbegebiet Badsee, Unkenbachstraße 3, 97497 Dingolshausen, Germania&quot;;"" onmouseout=""this.innerHTML=&quot;Gewerbegebiet Badsee, Unkenbachstraße 3, 97497 Dingolshause...&quot;;"">Gewerbegebiet Badsee, Unkenbac","Dingolshause...&quot;;"">Gewerbegebiet Badsee",,49.9230744,10.4014317
I.C.S. NV CLEANING,"Industrieweg 105, 3583 Beringen, Belgio",Beringen,Belgio,51.052261,5.1787598
Ieperse Truckwash&Tankcleaning,"Sint-Krispijnstraat 13, 8900 Ieper, Belgio",Ieper,Belgio,50.8789406,2.8853896
IOTT LAVAGGIO,"Str. del Portone, 265, 10043 Orbassano TO, Italia",Orbassano,Italia,45.0412566,7.5827986
ITC HOLLAND,"Vorstengrafdonk, 5342 Oss, Paesi Bassi",Oss,Paesi Bassi,51.7349464,5.5606231
iWash Rossi Antegnate,"Via Giancarlo Rossi, 24051 Antegnate BG, Italia",Antegnate,Italia,45.475992962245,9.7915121152744
KFZ-Service Grossenwiehe,"Gewerbegebiet Wiehekrug 2A, 24969 Großenwiehe, Germania",Großenwiehe,Germania,54.706754617388,9.2600939084413
La Savonette Lavaggio,"Le Tillon, 44260 La Chapelle-Launay, Francia",La Chapelle-Launay,Francia,47.381630297743,-1.9683079893753
LANGUEDOC LAVAGE NIMES EFTCO,"215 Rue Charles Tellier, 30000 Nîmes, Francia",Nîmes,Francia,43.8391007,4.4215173
Lav'Aliment Neslè,"D930, 80190 Nesle, Francia",Nesle,Francia,49.7637371,2.9279176
LAVADERO CSLV del Sureste LORQUì,"Av. Juan Carlos I, 1, 30564 Lorquí, Murcia, Spagna",Lorquí,Spagna,38.102152,-1.2318955
Lavadero Europa Carmona,"A-4, 41410, Provincia di Siviglia, Spagna",Provincia di Siviglia,Spagna,37.4529026,-5.7649664
Lavadero Europa Cartagena,"Pasaje Media Legua, 9, 30392 Cartagena, Murcia, Spagna",Cartagena,Spagna,37.6083515,-0.9579073
Lavadero Europa Tarragona,"Carrer del Coure, 1, 43006 Tarragona, Spagna",Tarragona,Spagna,41.1409121,1.2299221
Lavadero Martorell,"N-IIa, 08760 Martorell, Spagna",Martorell,Spagna,41.4922776,1.9106639
Lavaderos Europa Delegación Mérida,"EX-209, 06800 Mérida, Badajoz, Spagna",Mérida,Spagna,38.937575595853,-6.3624772264265
Lavado y Vaporizado Madrid CHIVA,"Ctra. Madrid-Valencia, 70A, 46370 Chiva, Valencia, Spagna",Chiva,Spagna,39.463086762867,-0.72736441008166
Lavados Peña,"Carr. Madrid, 17, 09471 Fuentespina, Burgos, Spagna",Fuentespina,Spagna,41.6307176,-3.6878826
Lavados y Vaporizados Ortega - Villarrobledo,"Calle de Pedro Manuel Vila, 7, 02600 Villarrobledo, Albacete, Spagna",Villarrobledo,Spagna,39.2719931,-2.5929911
LAVAGE POIDS LOURDS AMIENS,"55-29 Rue du Santerre, 80080 Amiens, Francia",Amiens,Francia,49.933550558475,2.2682383670334
Lavage Rhone Alpes,"01360 Balan, Francia",Balan,Francia,45.849274685791,5.1067669715154
Lavaggio Amiens,"27-39 Rue du Bois Quatorze, 80730 Argœuves, Francia",Argœuves,Francia,49.936888,2.2613348
Lavaggio NLA HEUDEBOUVILLE,"Route de Louviers, 27400 Heudebouville, Francia",Heudebouville,Francia,49.1926893,1.2257096
"Lavaggio Rudolf-Diesel-Straße 1, 49456 Bakum,","Rudolf-Diesel-Straße 1, 49456 Bakum, Germania",Bakum,Germania,52.7261412,8.1763677
LAVAGGIO XPO,"Common Ln, Knottingley WF11, Regno Unito",Knottingley WF11,Regno Unito,53.7069605,-1.2294285
Lavaggio 2000 Monopoli,"Strada Statale 16, 70043 Area Produttiva BA, Italia",Area Produttiva,Italia,40.9601182,17.2667934
Lavaggio AArhus,"Vandvejen 5, 8000 Aarhus C, Danimarca",Aarhus C,Danimarca,56.1425116,10.2302598
Lavaggio Alaine Macon,"409 Rue des Frères Lumière, 71000 Mâcon, Francia",Mâcon,Francia,46.2857228,4.821543
Lavaggio Alessandria Sud,"Via Casalcermelli, 98, 15121 Alessandria AL, Italia",Alessandria,Italia,44.8914193,8.602319
Lavaggio Angel Marquez Montilla,"<span onmouseover=""this.innerHTML = &quot;Avenida de Málaga, 40, 14550 Montilla, Provincia di Cordova, Spagna&quot;;"" onmouseout=""this.innerHTML=&quot;Avenida de Málaga, 40, 14550 Montilla, Provincia di Cordova...&quot;;"">Avenida de Málaga, 40, 14550 Mont",40,,37.5650203,-4.6503595
Lavaggio AREA5 Mordano,"Via Selice, 40027 Mordano BO, Italia",Mordano,Italia,44.4058641,11.7598604
Lavaggio AWT CZ BOHUMIN,"Revoluční 1234, 735 81 Bohumín, Repubblica Ceca",81 Bohumín,Repubblica Ceca,49.884802,18.3428526
Lavaggio Baks Borculo,"Jonkerspad 7, Overberkel, 7271 LC Borculo, Paesi Bassi",Borculo,Paesi Bassi,52.1237197,6.5326578
Lavaggio Baltrasa,"Carrer Hostal del Pi, 3, 08630 Abrera, Barcelona, Spagna",Abrera,Spagna,41.5091968,1.8974595
Lavaggio Bellavista Borgo a Buggiano,"Via Livornese, 73, 51011 Buggiano PT, Italia",Buggiano,Italia,43.862156,10.727739
Lavaggio Bianchi Walter Ferentino,"Strada Provinciale 159, 109, 03013 Tofe FR, Italia",Tofe,Italia,41.6915568,13.2310794
Lavaggio Bianconi Martinsicuro,"Via Roma, 64014 Martinsicuro TE, Italia",Martinsicuro,Italia,42.8892686,13.9018851
Lavaggio Boasso Dordrecht,"Buys Ballotstraat 10A, West, 3316 GA Dordrecht, Paesi Bassi",Dordrecht,Paesi Bassi,51.7806426,4.6376711
Lavaggio Borella Verbania,"Via 42 Martiri, 28924 Area Produttiva Stazione Fs VB, Italia",Area Produttiva Stazione Fs,Italia,45.9377571,8.4635185
Lavaggio BTR Ludwigsfelde,"Kastanienweg 6, 14974 Ludwigsfelde, Germania",Ludwigsfelde,Germania,52.3099776,13.2902785
Lavaggio C.i.p.a.a. Popoli,"SP72, 65026 Popoli PE, Italia",Popoli,Italia,42.1575498,13.827576
Lavaggio CAM Concorezzo,"Via Monte Rosa, 20863 Concorezzo MB, Italia",Concorezzo,Italia,45.5967101,9.3199432
Lavaggio Camion,"Via Lungo Chiampo, 76a, 36054 Montebello Vicentino VI, Italia",Montebello Vicentino,Italia,45.4706796,11.384964
LAVAGGIO CAPPELLETTA S.S. 16 KM. 686/400 71100 FOGGIA,"SS16, 71122 Foggia FG, Italia",Foggia,Italia,41.430159286037,15.59542924669
lavaggio Castro Vincenzo,"Via Ofanto, 17, 71042 Cerignola FG, Italia",Cerignola,Italia,41.245979,15.8965498
Lavaggio Cened Vic,"Carretera de Vic a Olot, 08500 Vic, Spagna",Vic,Spagna,41.9537428,2.2788355
Lavaggio Centro de Lavaggio El Valenciano,"Calle de Almuñécar, 18220 Albolote, Spagna",Albolote,Spagna,37.2257247,-3.6444278
Lavaggio Certosa,"Via Enrico Serretta, 2, 20156 Milano, Italia",Milano,Italia,45.5071936,9.1242933
Lavaggio Cerullo,"Via Piante di Cesareo, 421, 84025 Eboli SA, Italia",Eboli,Italia,40.6140467,15.0828387
Lavaggio Cotac,"Impasse de l'Église, 76140 Le Petit-Quevilly, Francia",Le Petit-Quevilly,Francia,49.4327101,1.0437445
Lavaggio Cotac Schkopau,"An der Bober, 06258 Schkopau, Germania",Schkopau,Germania,51.3875365,11.9665637
Lavaggio CSA Amsterdam,"Paesi Bassi, 1043 Amsterdam, Hornweg 48",Amsterdam,,52.4003599,4.8038411
Lavaggio CTI Liverani Germania,"Am Sand 3, 55234 Erbes-Büdesheim, Germania",Erbes-Büdesheim,Germania,49.7618584,8.0244643
LAVAGGIO CURT RICHTER BITTERFELD,"Farbenstraße 6, 06803 Bitterfeld-Wolfen, Germania",Bitterfeld-Wolfen,Germania,51.6456296,12.2885141
Lavaggio Dantra EFTCO,"Vejlevej 7A, 7362 Hampen, Danimarca",Hampen,Danimarca,56.0616451,9.3801528
Lavaggio Dekker Dendermonde,"Vosmeer 14, Hoogveld, 9200 Dendermonde, Belgio",Dendermonde,Belgio,51.0305895,4.132367
LAVAGGIO DEN HARTOG,"Autovia de l'Ametlla, Poígono Industrial Llevant, 08150 Parets del Vallès, Spagna",Parets del Vallès,Spagna,41.5785081,2.2538073
Lavaggio Den Hartog Rotterdam,"Botlekweg 190, 3197 Botlek, Paesi Bassi",Botlek,Paesi Bassi,51.8695351,4.2730113
Lavaggio Desert Transport ETRELLES,"Zone de Piquet, 35370 Étrelles, Francia",Étrelles,Francia,48.0728547,-1.2013523
Lavaggio ECLA Grace Hollogne,"Rue de L'Aêropostale 8, 4460 Grâce-Hollogne, Belgio",Grâce-Hollogne,Belgio,50.6593255,5.4840131
Lavaggio Ecurie EFTCO,"5 Rue de la Chapelle, 62223 Écurie, Francia",Écurie,Francia,50.3266803,2.7650323
Lavaggio Eikelenboom Bergen op Zoom,"Noordland, Bongaertsweg 2A, 4612 Bergen op Zoom, Paesi Bassi",Bergen op Zoom,Paesi Bassi,51.4994368,4.265392
Lavaggio Elpa Novara,"Viale dell'Industria, 3, 28060 Unita' Produttiva NO, Italia",Unita' Produttiva,Italia,45.4520855,8.568815
Lavaggio Ernst Hamburg,,,,53.4709994,9.9149021
Lavaggio Europoort Rotterdam,"Moezelweg 181, 3198 LS Europoort Rotterdam, Paesi Bassi",Europoort Rotterdam,Paesi Bassi,51.9210415,4.1826043
LAVAGGIO FERNLAST,"E30, 38179 Schwülper, Germania",Schwülper,Germania,52.3222203,10.4893686
Lavaggio Ferrando,"Via Piave, 274, 17047 Valle di Vado SV, Italia",Valle di Vado,Italia,44.2594938,8.4093408
Lavaggio Fidel Dreher Stockach,"Industriestraße 15, 78333 Stockach, Germania",Stockach,Germania,47.844279,9.004939
Lavaggio Floratos,"Ma2, Demenika 265 00, Grecia",Demenika 265 00,Grecia,38.197523,21.7460573
Lavaggio Frike,"Albrecht-Thaer-Straße 6, 29439 Lüchow, Germania",Lüchow,Germania,52.9856797,11.1582723
Lavaggio Garage Renault Sete,,,,43.4198418,3.7191194
Lavaggio Gebr.Borg Farmsum,"Paesi Bassi, 9936 Farmsum, Valgenweg 6",Farmsum,,53.3052841,6.9870656
Lavaggio Ghiereke Izegem,"Noordkaai 10-16, 8870 Izegem, Belgio",Izegem,Belgio,50.9266501,3.2026378
Lavaggio H&S Barneveld,"Gildeweg 28, 3771 Esveld, Paesi Bassi",Esveld,Paesi Bassi,52.1664606,5.6041702
LAVAGGIO HANS STACK HAMBURG,"König-Georg-Deich 10, 21109 Amburgo, Germania",Amburgo,Germania,53.4772623,9.9956872
Lavaggio HAUTS DE FRANCE LAVAGE LILLERS,"Rue de l'Artois, 62190 Lillers, Francia",Lillers,Francia,50.5528629,2.4942519
Lavaggio Hermos Alcazar Lorca,"Autovía del Mediterráneo, 30811 Lorca, Murcia, Spagna",Lorca,Spagna,37.634347,-1.7437278
Lavaggio Hnos Alcaraz NO EFTCO,"A-334, 04850 Cantoria, Almería, Spagna",Cantoria,Spagna,37.3768095,-2.2000798
"Lavaggio Hofer,","Rothrist, 4852 Rothrist, Svizzera",Rothrist,Svizzera,47.3133875,7.8940635
Lavaggio Holler Salorno,"SS12, 39040 Salorno BZ, Italia",Salorno,Italia,46.2371279,11.1989298
Lavaggio HTC Seneffe,"Belgio, 7170 Manage, Zoning",Manage,,50.5130264,4.2484657
LAVAGGIO HTR ZEITZ,"Alte Werkstraße, 06712 Zeitz, Germania",Zeitz,Germania,51.05763,12.1227776
Lavaggio Infraserv Francoforte,"Hoechster-Farben-Straße, 65929 Francoforte sul Meno, Germania",Francoforte sul Meno,Germania,50.0935504,8.5227021
Lavaggio Interporto Ronchese Lavaggi - Ronco Scrivia,"A7 - Autostrada dei Giovi, 16019 Ronco Scrivia GE, Italia",Ronco Scrivia,Italia,44.5998586,8.95328
Lavaggio Intertank Fredericia,"C F Tietgens Vej 23, 7000 Fredericia, Danimarca",Fredericia,Danimarca,55.5424066,9.6203808
Lavaggio Ismert,"9001 Rue du Siege, 57690 Créhange, Francia",Créhange,Francia,49.0841606,6.5971886
Lavaggio Jat Kolding,"Mønten 9, 6000 Kolding, Danimarca",Kolding,Danimarca,55.5102789,9.4529531
Lavaggio Karlinger Enns,"Wirtschaftspark Straße 3 3, 4482 Ennsdorf, Austria",Ennsdorf,Austria,48.219637,14.5034595
Lavaggio Kopler Mutterstadt,"Im Vorderkehr 18, 67112 Mutterstadt, Germania",Mutterstadt,Germania,49.4280608,8.3627583
LAVAGGIO KORTIMED EFTCO,"Unnamed Road, 57014 Interporto Amerigo Vespucci LI, Italia",Interporto Amerigo Vespucci,Italia,43.6026618,10.3894756
Lavaggio Laabs Hildsheim,"Porschestraße 19, 31135 Hildesheim, Germania",Hildesheim,Germania,52.1649061,9.9829485
Lavaggio Landini Castellanza,"Viale Don Giovanni Minzoni, 21053 Castellanza VA, Italia",Castellanza,Italia,45.603842,8.8931761
Lavaggio LAV'INDUS MALESHERBES,"3 Rue 19 Mars 1962, 45330 Malesherbes, Francia",Malesherbes,Francia,48.2926073,2.399465
Lavaggio Lavadero Sesena,"<span onmouseover=""this.innerHTML = &quot;Travesía Carretera Illescas Cronista la Rei, 4, 45224 Seseña, Provincia di Toledo, Spagna&quot;;"" onmouseout=""this.innerHTML=&quot;Travesía Carretera Illescas Cronista la Rei, 4, 45224 Sese...&quot;;"">Travesía Car",4,,40.1047156,-3.6501192
Lavaggio Lavanord 31620 CASTELNAU D' ESTREFOUNDS,"3 L'Ourmède, 31620 Castelnau-d'Estrétefonds, Francia",Castelnau-d'Estrétefonds,Francia,43.7650131,1.368545
Lavaggio LAVASEINE Oissel,"Francia, 76350 Oissel, Boulevard Dambourney",Oissel,,49.3581639,1.1137943
Lavaggio Lettl,"Staudhamer Feld 12, 83512 Wasserburg am Inn, Germania",Wasserburg am Inn,Germania,48.0617871,12.1712301
Lavaggio Lisina ROSETO,,,,42.6496459,13.9768035
Lavaggio Liverani Group,"Via Ronchesana, 30, 37059 Zevio VR, Italia",Zevio,Italia,45.3669311,11.0879632
LAVAGGIO LOUDEAC,"4 Rue de Très le Bois, 22600 Loudéac, Francia",Loudéac,Francia,48.1573307,-2.7632287
Lavaggio MATRA Trebaseleghe,"Via Manetti, 39, 35010 Trebaseleghe PD, Italia",Trebaseleghe,Italia,45.5819049,12.0505152
Lavaggio Mervielde Transport - Ertvelde,"Monumentstraat 2-20, 9940 Evergem, Belgio",Evergem,Belgio,51.1756461,3.7819015
Lavaggio MG Marcianise,"Via Trivio Quaranta, 81025 Marcianise CE, Italia",Marcianise,Italia,41.0232418,14.3327713
Lavaggio MISP GROJEC,"Szkolna 14, 05-600 Grójec, Polonia",05-600 Grójec,Polonia,51.8724328,20.8697415
Lavaggio Monselice,"Via Puglia, 6, 35043 Monselice PD, Italia",Monselice,Italia,45.2201706,11.744211
LAVAGGIO MTR FOOD,"Pfingstweidstraße 5, 68199 Mannheim, Germania",Mannheim,Germania,49.4598183,8.4969998
Lavaggio MTR Mannheim,"Franz-Grashof-Straße 8, 68199 Mannheim, Germania",Mannheim,Germania,49.4569342,8.5061432
Lavaggio NLA Doue en Anjou,"4-312 Rue des Fougerons, 49700 Doué-en-Anjou, Francia",Doué-en-Anjou,Francia,47.1855515,-0.2432665
Lavaggio PARKING SERVICES 08755 CASTELLBISBAL,"Carrer Masia Ca n'Estapé, 5, 08755 Castellbisbal, Barcellona, Spagna",Castellbisbal,Spagna,41.4672297,2.0004945
Lavaggio Pawtrans Poniatowa,"Kraczewicka 198, 24-320 Poniatowa, Polonia",24-320 Poniatowa,Polonia,51.1884585,22.050041
Lavaggio Pawtrans Slovacchia,"Bulharská 7180/52, 91701 Trnava, Slovacchia",Trnava,Slovacchia,48.3596249,17.59627
Lavaggio Pellegrini Nogarole Rocca,"Via Piave, 1, 37060 Nogarole Rocca VR, Italia",Nogarole Rocca,Italia,45.2790886,10.8655485
Lavaggio Puertollano,"CR-504, 13597 Puertollano, Ciudad Real, Spagna",Puertollano,Spagna,38.6856183,-4.0687322
LAVAGGIO PULICAR,"Via Paolo Poggi, 999, 40068 San Lazzaro BO, Italia",San Lazzaro,Italia,44.4701665,11.419232
Lavaggio QRO Narbonne,"Avenue des Étangs, 11100 Narbonne, Francia",Narbonne,Francia,43.1615628,2.9884226
Lavaggio Ramos Reus,"Carrer de Cornudella del Montsant, 16, Polígono Industrial Agro-Reus, 43206 Reus, Provincia di Tarragona, Spagna",Reus,Spagna,41.1560106,1.0846088
Lavaggio Rapido Ravenna,"Via Giuseppe Stefano Bondi, 34-42, 48123 Ravenna RA, Italia",Ravenna,Italia,44.4539337,12.2181102
Lavaggio RINNEN Maxdorf,"<span onmouseover=""this.innerHTML = &quot;Hanns-Hörbiger-Straße 8, 67133 Verbandsgemeinde Maxdorf, Germania&quot;;"" onmouseout=""this.innerHTML=&quot;Hanns-Hörbiger-Straße 8, 67133 Verbandsgemeinde Maxdorf, G...&quot;;"">Hanns-Hörbiger-Straße 8, 67133 Verba","G...&quot;;"">Hanns-Hörbiger-Straße 8",,49.4880118,8.2924803
lavaggio Rodella,"SP8, 218, 46046 Castel Goffredo MN, Italia",Castel Goffredo,Italia,45.3166036,10.5002312
LAVAGGIO ROSIGNANO,"Via Guido Rossa, 13B, 57016 Rosignano Solvay-Castiglioncello LI, Italia",Rosignano Solvay-Castiglioncello,Italia,43.3895775,10.4627445
Lavaggio S.A.S. Castelmassa,"Italia, 45035 Castelmassa RO, Via Gavioli, 51",Castelmassa RO,,45.0154266,11.3359368
Lavaggio Seifert Service GmbH,"Simon-Hoffmann-Straße 3, 06217 Merseburg (Saale), Germania",Merseburg (Saale),Germania,51.3757051,11.9716923
Lavaggio Setras,"SS3 ter, 05035 Narni Scalo TR, Italia",Narni Scalo,Italia,42.54672,12.5266633
LAVAGGIO SITRA,"51 Rue de la Lys, 59253 Sailly-sur-la-Lys, Francia",Sailly-sur-la-Lys,Francia,50.6508895,2.760638
Lavaggio SONECOVI VITROLLES,"8 Voie du Portugal, 13127 Vitrolles, Francia",Vitrolles,Francia,43.4176901,5.2690968
Lavaggio Sped. ROTH Wustenrot,"Dörflestraße 13-29, 71543 Wüstenrot, Germania",Wüstenrot,Germania,49.0880535,9.4893219
lavaggio Spedition Petri GmbH & Co. KG,"Am Alten Galgen 12, 56410 Montabaur, Germania",Montabaur,Germania,50.4505403,7.839674
Lavaggio SPETRA TRUCK WASH Tranovice 278 CZ-73953,"Třanovice 296, 739 53 Třanovice, Repubblica Ceca",53 Třanovice,Repubblica Ceca,49.7133873,18.5281233
Lavaggio STERMANN Rheine,"Daimlerstraße 35-41, 48432 Rheine, Germania",Rheine,Germania,52.3172995,7.4418014
Lavaggio STILE Tortona,"Italia, 15057 Tortona AL, Via Postumia",Tortona,,44.8791994,8.8546645
Lavaggio SYTA EFTCO,"Polígono el Saco, 34, 50172 Alfajarín, Zaragoza, Spagna",Alfajarín,Spagna,41.6093775,-0.6929145
"Lavaggio Székesfehérvár, 62, 8000 Ungheria","Székesfehérvár, 62, 8000 Ungheria",62,,47.181584,18.4714964
Lavaggio Szelence Szabadegyháza,"Szabadegyháza, Ipartelep 0351/29.hrsz, 2432 Ungheria",Ipartelep 0351/29.hrsz,,47.0847644,18.7100956
Lavaggio TACK Zeebrugge,"Galeistraat, Transportzone, 8380 Bruges, Belgio",Bruges,Belgio,51.3119911,3.1859455
LAVAGGIO TANK CLEAN OSTROZEBEKE,"Ingelmunstersteenweg 48, 8780 Oostrozebeke, Belgio",Oostrozebeke,Belgio,50.9197535,3.3168221
Lavaggio Tank en Truck Kampen,"De Greente, Transportstraat 3, 8263 BW Kampen, Paesi Bassi",Kampen,Paesi Bassi,52.567474,5.878642
Lavaggio Timmel Frères,"24 Rte du Rhin, 67930 Beinheim, Francia",Beinheim,Francia,48.853120344125,8.0917274535136
Lavaggio TIR Modena,"Via Vincenzo Brigatti, 8, 41122 Modena MO, Italia",Modena,Italia,44.6678825,10.9385176
Lavaggio Transports Klein Selestat,"D424, 67600 Sélestat, Francia",Sélestat,Francia,48.2574523,7.4245708
Lavaggio Trasport Alaine France,"Boulevard Helensburgh, 79100 Thouars, Francia",Thouars,Francia,46.9951608,-0.1961141
Lavaggio Treviso Mare,"Via Pantiera, 34-42, 31057 Silea TV, Italia",Silea,Italia,45.6452826,12.3292739
LAVAGGIO TRUCK WASH,"Germania, 49451 Holdorf, Dinklager Straße 17",Holdorf,,52.5968521,8.1231693
Lavaggio Truck Wash Pisa,"SS206, 365, 56121 Pisa PI, Italia",Pisa,Italia,43.6659227,10.435138
Lavaggio TS CLEAN BERLIN,"Germania, 14641 Wustermark, Dresdner Stra? 4-10",Wustermark,,52.5654333,12.979329
Lavaggio TS Clean Fahrbinde,"Eichenweg 1, 19288 Rastow, Germania",Rastow,Germania,53.4369576,11.4868133
Lavaggio TS Clean Kavelstorf,"Zur Radewiese 2A, 18196 Kavelstorf, Germania",Kavelstorf,Germania,54.0126984,12.1990768
Lavaggio TS Clean Neudietendorf,"Am Hochheimer See 1, 99192 Neudietendorf, Germania",Neudietendorf,Germania,50.8977973,10.9212924
lavaggio TSVI,"Boulevard Helensburgh, 79100 Thouars, Francia",Thouars,Francia,46.9947211,-0.1955895
Lavaggio Uniroute,"1 Rue du Point du Jour, 21800 Chevigny-Saint-Sauveur, Francia",Chevigny-Saint-Sauveur,Francia,47.2995848,5.1449692
Lavaggio UWEG,"Industriestraße 51, 4600 Wels, Austria",Wels,Austria,48.1580018,14.0462114
Lavaggio Valero Ruiz Silla,"Polígono Industrial Plá dels Olivars, Calle F, 6, 46460 Silla, Valencia, Spagna",Silla,Spagna,39.3663511,-0.4217898
Lavaggio Van De Brug,"Koekamperweg 1, 3882 Putten, Paesi Bassi",Putten,Paesi Bassi,52.2421283,5.6085023
Lavaggio veicoli Manzella San Salvo,"Contrada Piane Sant'Angelo, 220-236, 66050 San Salvo Marina CH, Italia",San Salvo Marina,Italia,42.06227692864,14.767540619198
Lavaggio Verbeken Dendermonde,"Hoogveld 85, Hoogveld, 9200 Dendermonde, Belgio",Dendermonde,Belgio,51.02663,4.1429093
Lavaggio vienna,"Stadlauer Str. 41A, 1220 Wien, Austria",Wien,Austria,48.233114,16.457026
Lavaggio VOS,"3 D383, 69190 Saint-Fons, Francia",Saint-Fons,Francia,45.6995419,4.8459227
Lavaggio Vredeveld Ter Apel Kanaal,"Ambachtsweg 2, 9563 TV Ter Apelkanaal, Paesi Bassi",Ter Apelkanaal,Paesi Bassi,52.9225163,7.0392384
Lavaggio WTR Willich,"Hanns-Martin-Schleyer-Straße 11, 47877 Willich, Germania",Willich,Germania,51.2770927,6.5103548
Lavaggio XPO 60200 Compiègne,"ZAC des Mercières, 9 Chem. d'Armancourt, 60200 Compiègne, Francia",Compiègne,Francia,49.3877993,2.7948845
Lavaggio XPO Tank Cleaning Nord France Semecourt,"Voie Romaine, 57280 Semécourt, Francia",Semécourt,Francia,49.1992995,6.1482924
Lavggio Vaporizados Aguilar,"Pl. Poligono Industrial, 123, 34800 Aguilar de Campoo, Palencia, Spagna",Aguilar de Campoo,Spagna,42.7809504,-4.2498264
LCM LAVAGGIO MALPENSA,"Via Mario Albino Bonicalza, 133A, 21012 Cassano Magnago VA, Italia",Cassano Magnago,Italia,45.6577215,8.8436967
Liverani Faenza,"Via Augusto Righi, 2-10, 48018 Faenza RA, Italia",Faenza,Italia,44.3031145,11.8634248
Lootsma Cleaning Bolsward,"De Klokslag, Hichtumerweg 15, 8701 PG Bolsward, Paesi Bassi",Bolsward,Paesi Bassi,53.071622514962,5.5232232309417
LVI Arcis Sur Aube,"9 Rue du Stand, 10700 Arcis-sur-Aube, Francia",Arcis-sur-Aube,Francia,48.5308611,4.1548773
LVI Fay Aux Loges,"Route sans nom, 45450 Fay-aux-Loges, Francia",Fay-aux-Loges,Francia,47.9124742,2.1446353
LVI Valence,"Avenue de la Condamine, 26800 Valence, Francia",Valence,Francia,44.895972,4.8644201
Lys Service MERVILLE,"46 Rue de Maroeuil, 59660 Merville, Francia",Merville,Francia,50.6267385,2.6410513
"Manugr, Lda","N347 18, 3150 Condeixa-a-Nova, Portogallo",Condeixa-a-Nova,Portogallo,40.1088301,-8.510944
Navarro Lavadero,"Carrer Flassaders, 2, 08130 Santa Perpètua de Mogoda, Barcelona, Spagna",Santa Perpètua de Mogoda,Spagna,41.532291283518,2.1489358141684
OKREGOWA STACJA POBIEDZISKA,"Poznańska 75, 62-010 Pobiedziska, Polonia",62-010 Pobiedziska,Polonia,52.4739655,17.2434887
OTT DEN OUDEN TANKTRANSPORT,"Edisonweg 14A, 2952 AD Alblasserdam, Paesi Bassi",Alblasserdam,Paesi Bassi,51.8583402,4.6661547
PARSDORFER TANKREINIGUNG,"Posthalterring 7, 85599 Vaterstetten, Germania",Vaterstetten,Germania,48.1434533,11.7786676
PROP POIDS LOURDS 38300 Bourgoin-Jallieu,"45 Avenue des Frères Lumière, 38300 Bourgoin-Jallieu, Francia",Bourgoin-Jallieu,Francia,45.5976075,5.2551243
RICOTTO TRASPORTI,"Frazione S. Giovanni, 66, 10068 San Giovanni TO, Italia",San Giovanni,Italia,44.7974078,7.4599546
RISCIACQUO ACQUA PER VINO IL BISONTE,"SR10, 119-115, 10023 Chieri TO, Italia",Chieri,Italia,44.9965841,7.85605
RÖCK Tankreinigung GmbH,"Am Illerfeld 3, 87452 Altusried, Germania",Altusried,Germania,47.797112631219,10.265290733624
"Rudolf-Diesel-Straße 1, 49456 Bakum, Germania","Rudolf-Diesel-Straße 1, 49456 Bakum, Germania",Bakum,Germania,52.725768,8.1768733
RUN TRANS LAVAGGIO,"Przyszłości 15A, 70-893 Szczecin, Polonia",70-893 Szczecin,Polonia,53.3535787,14.748154
SERVICE CENTER WEERT EFTCO,"Leuken Noord, Graafschap Hornelaan 153A, 6001 AC Weert, Paesi Bassi",Weert,Paesi Bassi,51.2635305,5.7259366
SLI natur Carlet,"Carrer Llevant, 17, 46240 Carlet, Valencia, Spagna",Carlet,Spagna,39.2347928,-0.4898888
SMTRT,"50 Rue des Merisiers, 45700 Pannes, Francia",Pannes,Francia,47.9892808,2.6648386
Solavi Fleville,"450 Rue du Champ Moyen, 54710 Fléville-devant-Nancy, Francia",Fléville-devant-Nancy,Francia,48.6166133,6.2127222
SOLO ACQUA PER RISCIACQUO,"Oschitzer Str. 80, 07907 Schleiz, Germania",Schleiz,Germania,50.5720351,11.7929833
Steinkhuler Barby,"Monplaisirstraße 5, 39249 Barby (Elbe), Germania",Barby (Elbe),Germania,51.9856624,11.8702489
Steinkuehler Berlin,"Märkische Allee 32, 14979 Großbeeren, Germania",Großbeeren,Germania,52.370498,13.2983973
STEINKUHLER KREFELD,"Carl-Sonnenschein-Straße 122, 47809 Krefeld, Germania",Krefeld,Germania,51.3463481,6.6466265
STR Tank-Container-Reinigung GmbH,"Bergener Ring 5, 01458 Ottendorf-Okrilla, Germania",Ottendorf-Okrilla,Germania,51.177272,13.8402381
Tank Cleaning Europa Castelmassa Adami,"Via Umberto Saba, 7A, 45035 Castelmassa RO, Italia",Castelmassa,Italia,45.0151202,11.3385063
TANK CLEANING GELDERMALSEN,"De Harpen, 4191 Geldermalsen, Paesi Bassi",Geldermalsen,Paesi Bassi,51.865221150547,5.3187704472971
Tank Cleaning Sint-Oedenrode,"Alfred Nobelstraat 5, 5491 DB Sint-Oedenrode, Paesi Bassi",Sint-Oedenrode,Paesi Bassi,51.5745993,5.4716753
Tank Container Service Botlek !,"Westgeulstraat 6, 3197 LD Botlek Rotterdam, Paesi Bassi",Botlek Rotterdam,Paesi Bassi,51.8785226,4.3242861
Tank Service lavaggio,"255 Avenue Maurice Berteaux, 59430 Saint-Pol-sur-Mer, Francia",Saint-Pol-sur-Mer,Francia,51.0374524,2.3467615
Tank Terminal Gent,,,,51.1183661,3.7747274
Tank Terminal Lokeren,"Dijkstraat 20-24, 9160 Lokeren, Belgio",Lokeren,Belgio,51.0918625,4.025935
Tank Wash A44,,,,51.4028838,9.186684
TankCleaning Van Heyste Aalter,"Venecolaan 58, 9880 Aalter, Belgio",Aalter,Belgio,51.10696727158,3.4516102889549
Ton-Pol sp z o.o.Kobylin 90 05-600 Grójec EFTCO,"Kobylin 90, 05-600, Polonia",05-600,Polonia,51.876444,20.8715378
Top Tank Cleaning / Europaverkere Hammer & Co. Am Eifeltor 4 50997 Köln,"Am Eifeltor 6, 50997 Köln, Germania",Köln,Germania,50.8878776,6.920841
TRANSCLEAN,"Industriestrasse 16, 4617 Gunzgen, Svizzera",Gunzgen,Svizzera,47.3232055,7.829375
TRANSPORTES J.M. CAÑADAS eftco,"Avinguda del Mas Pins, 109, 17457 Riudellots de la Selva, Girona, Spagna",Riudellots de la Selva,Spagna,41.9035808,2.8048138
Transvimon S. L. L'OLLERIA,"Av. del Vidre, 14, 46850 Ollería, Valencia, Spagna",Ollería,Spagna,38.9073912,-0.5258652
TRUCK WASH TATINGEM,"240 Route de Boulogne (Ancien. RN42), 62500 Saint-Martin-lez-Tatinghem, Francia",Saint-Martin-lez-Tatinghem,Francia,50.74035006441,2.1990656471194
TRUCKWASH SAALEMUHLE,"Bernburger Str. 35, 06425 Alsleben (Saale), Germania",Alsleben (Saale),Germania,51.715291,11.6655435
TWS Truck Wash,"König-Georg-Deich 8, 21107 Hamburg, Germania",Hamburg,Germania,53.4774056,9.9958008
VAN OPDORP SAS VAN GENT,"Nijverheidsstraat 2, 4551 LA Sas van Gent, Paesi Bassi",Sas van Gent,Paesi Bassi,51.2417705,3.8094011
VANNAUD SARL,"Z.A. la Forêt, 72470 Champagné, Francia",Champagné,Francia,48.0158798,0.3358185
VAPORIZADOS PALENCIA,"Pol. Ind., 94, 34190 Villamuriel de Cerrato, Palencia, Spagna",Villamuriel de Cerrato,Spagna,41.9395418,-4.5008125
VAPORIZADOS VALERO PINEDA BENIFAIO,"Carrer la Font de l'Almaguer, 10, 46450 Benifaió, Valencia, Spagna",Benifaió,Spagna,39.287573,-0.4484152
Waschross GmbH Sittensen,"Schmiedestraße 4, 27419 Lengenbostel, Germania",Lengenbostel,Germania,53.3005853,9.5065366
Washmobile Heerenveen,"Vulcanus 15, 8448 CH Heerenveen, Paesi Bassi",Heerenveen,Paesi Bassi,52.9753058,5.9482833
WEMMERS LAVAGGIO,"Wervenkampweg 2, 2971 VJ Bleskensgraaf, Paesi Bassi",Bleskensgraaf,Paesi Bassi,51.8691845,4.790859
Wemmers Tank Cleaning Zaandam,"Sluispolderweg 65, 1505 HJ Zaandam, Paesi Bassi",Zaandam,Paesi Bassi,52.419097850298,4.8504826961526
XL Wash Regensburg,"A3, 93055 Regensburg, Germania",Regensburg,Germania,48.9972913,12.1498302
XPO Tank Cleaning Nord France,"71 Rue André Ampère, 44150 Ancenis, Francia",Ancenis,Francia,47.3961848,-1.1910764
Zeni Truck Wash Castenedolo,"Via Sandro Pertini, 16, 25014 Castenedolo BS, Italia",Castenedolo,Italia,45.484730831987,10.325512904849
Zeni Truck Wash Verdello,"SS42, 24049 Verdello BG, Italia",Verdello,Italia,45.5952455,9.6224746
ZI VAUGRIS,"333 Chem. de Halage, 38121 Reventin-Vaugris, Francia",Reventin-Vaugris,Francia,45.4862579747,4.8193919668875
